﻿{
  "apiPrefix": "api",
  "module": "applicationsModule",
  "moduleInstance": "applications",
  "singular": "application",
  "plural": "applications",
  "key": "Id",
  "applicationKey": "",
  "filters": "Name",
  "json": "{\n\"Id\":0,\n\"Name\":\"Name\"}",
  "apilist": "/api/applications",
  "tpllist": "app/application/list.html",
  "apiget": "/api/applications/@Id@",
  "tplget": "app/application/detail.html",
  "apinew": "/api/applications",
  "tplnew": "app/application/new.html",
  "apiedit": "/api/applications/@Id@",
  "tpledit": "app/application/edit.html",
  "apidelete": "/api/applications/@Id@",
  "apiGetCall": "/api/applications/'+item.id+'",
  "apiEditCall": "/api/applications/'+item.id+'",
  "apiDeleteCall": "/api/applications/'+item.id+'",
  "apiNewCall": "/api/applications",
  "showItemKey": "item.id"
}