﻿{
  "apiPrefix": "api",
  "module": "rolesModule",
  "moduleInstance": "roles",
  "singular": "role",
  "plural": "roles",
  "key": "Id",
  "roleKey": "",
  "filters": "Name,Description",
  "json": "{\n\"Id\":0,\n\"Name\":\"Name\",\n\"Description\":\"Description\"}",
  "apilist": "/api/roles",
  "tpllist": "app/role/list.html",
  "apiget": "/api/roles/@Id@",
  "tplget": "app/role/detail.html",
  "apinew": "/api/roles",
  "tplnew": "app/role/new.html",
  "apiedit": "/api/roles/@Id@",
  "tpledit": "app/role/edit.html",
  "apidelete": "/api/roles/@Id@",
  "apiGetCall": "/api/roles/'+item.id+'",
  "apiEditCall": "/api/roles/'+item.id+'",
  "apiDeleteCall": "/api/roles/'+item.id+'",
  "apiNewCall": "/api/roles",
  "showItemKey": "item.id"
}