﻿{
  "apiPrefix": "api",
  "module": "groupsModule",
  "moduleInstance": "groups",
  "singular": "group",
  "plural": "groups",
  "key": "Id",
  "groupKey": "",
  "filters": "Name,Description",
  "json": "{\n\"Id\":0,\n\"Name\":\"Name\",\n\"Description\":\"Description\"}",
  "apilist": "/api/groups",
  "tpllist": "app/group/list.html",
  "apiget": "/api/groups/@Id@",
  "tplget": "app/group/detail.html",
  "apinew": "/api/groups",
  "tplnew": "app/group/new.html",
  "apiedit": "/api/groups/@Id@",
  "tpledit": "app/group/edit.html",
  "apidelete": "/api/groups/@Id@",
  "apiGetCall": "/api/groups/'+item.id+'",
  "apiEditCall": "/api/groups/'+item.id+'",
  "apiDeleteCall": "/api/groups/'+item.id+'",
  "apiNewCall": "/api/groups",
  "showItemKey": "item.id"
}