﻿{
  "apiPrefix": "api",
  "module": "rolesModule",
  "moduleInstance": "roles",
  "singular": "role",
  "plural": "roles",
  "key": "Id",
  "organizationKey": "",
  "filters": "Code,Description",
  "json": "{\n\"Id\":0,\n\"AggregateId\": \"AggregateId\",\n    \"Code\": \"Name\",\n    \"Description\": \"Description\"\n}",
  "apilist": "/api/roles",
  "tpllist": "app/organization/role/_list.html",
  "apiget": "/api/OrganizationRoles/@Id@",
  "tplget": "app/organization/role/_detail.html",
  "apinew": "/api/OrganizationRoles",
  "tplnew": "app/organization/role/_new.html",
  "apiedit": "/api/OrganizationRoles/@Id@",
  "tpledit": "app/organization/role/_edit.html",
  "apidelete": "/api/OrganizationRoles/@Id@",
  "apiGetCall": "/api/OrganizationRoles/'+item.Id+'",
  "apiEditCall": "/api/OrganizationRoles/'+item.Id+'",
  "apiDeleteCall": "/api/OrganizationRoles/'+item.Id+'",
  "apiNewCall": "/api/OrganizationRoles",
  "showItemKey": "item.Id"
}