﻿{
  "apiPrefix": "api",
  "module": "permissionsModule",
  "moduleInstance": "permissions",
  "singular": "permission",
  "plural": "permissions",
  "key": "Id",
  "applicationKey": "",
  "filters": "Code,Description",
  "json": "{\n\"Id\":0,\n\"AggregateId\": \"AggregateId\",\n    \"Code\": \"Name\",\n    \"Description\": \"Description\"\n}",
  "apilist": "/api/permissions",
  "tpllist": "app/application/permission/_list.html",
  "apiget": "/api/ApplicationPermissions/@Id@",
  "tplget": "app/application/permission/_detail.html",
  "apinew": "/api/ApplicationPermissions",
  "tplnew": "app/application/permission/_new.html",
  "apiedit": "/api/ApplicationPermissions/@Id@",
  "tpledit": "app/application/permission/_edit.html",
  "apidelete": "/api/ApplicationPermissions/@Id@",
  "apiGetCall": "/api/ApplicationPermissions/'+item.Id+'",
  "apiEditCall": "/api/ApplicationPermissions/'+item.Id+'",
  "apiDeleteCall": "/api/ApplicationPermissions/'+item.Id+'",
  "apiNewCall": "/api/ApplicationPermissions",
  "showItemKey": "item.Id"
}